,categories,delivery.id,delivery.provider.icon.name,delivery.provider.icon.prefix,delivery.provider.icon.sizes,delivery.provider.name,delivery.url,hasPerk,id,location.address,location.cc,location.city,location.country,location.crossStreet,location.distance,location.formattedAddress,location.labeledLatLngs,location.lat,location.lng,location.postalCode,location.state,name,referralId,venuePage.id
0,"[{'id': '4bf58dd8d48988d14e941735', 'name': 'American Restaurant', 'pluralName': 'American Restaurants', 'shortName': 'American', 'icon': {'prefix': 'https://ss3.4sqi.net/img/categories_v2/food/default_', 'suffix': '.png'}, 'primary': True}]",,,,,,,False,4ad4bff0f964a52021e920e3,2035 E 4th St,US,Cleveland,United States,,367,"['2035 E 4th St', 'Cleveland, OH 44115', 'United States']","[{'label': 'display', 'lat': 41.49914493913805, 'lng': -81.69017656212975}]",41.49914493913805,-81.69017656212975,44115,OH,Pickwick & Frolic Restaurant and Club,v-1543089334,52556740
1,"[{'id': '4bf58dd8d48988d14a941735', 'name': 'Vietnamese Restaurant', 'pluralName': 'Vietnamese Restaurants', 'shortName': 'Vietnamese', 'icon': {'prefix': 'https://ss3.4sqi.net/img/categories_v2/food/vietnamese_', 'suffix': '.png'}, 'primary': True}]",,,,,,,False,4ae1cb35f964a520738721e3,2061 E 4th St,US,Cleveland,United States,,349,"['2061 E 4th St', 'Cleveland, OH 44115', 'United States']","[{'label': 'display', 'lat': 41.498871, 'lng': -81.69014899999999}]",41.498871,-81.69014899999999,44115,OH,Saigon Restaurant & Bar,v-1543089334,
2,"[{'id': '4bf58dd8d48988d146941735', 'name': 'Deli / Bodega', 'pluralName': 'Delis / Bodegas', 'shortName': 'Deli / Bodega', 'icon': {'prefix': 'https://ss3.4sqi.net/img/categories_v2/food/deli_', 'suffix': '.png'}, 'primary': True}]",283564,/delivery_provider_grubhub_20180129.png,https://fastly.4sqi.net/img/general/cap/,"[40, 50]",grubhub,https://www.grubhub.com/restaurant/barristers-deli-1424-hamilton-ave-cleveland/283564?affiliate=1131&utm_source=foursquare-affiliate-network&utm_medium=affiliate&utm_campaign=1131&utm_content=283564,False,4cd6d9b3aeb1224b377f2aff,1424 Hamilton Ave,US,Cleveland,United States,,1234,"['1424 Hamilton Ave', 'Cleveland, OH 44114', 'United States']","[{'label': 'display', 'lat': 41.50674797333065, 'lng': -81.68656625398994}]",41.50674797333065,-81.68656625398994,44114,OH,Barrister's Deli- Restaurant- Catering,v-1543089334,418559616
3,"[{'id': '4bf58dd8d48988d157941735', 'name': 'New American Restaurant', 'pluralName': 'New American Restaurants', 'shortName': 'New American', 'icon': {'prefix': 'https://ss3.4sqi.net/img/categories_v2/food/newamerican_', 'suffix': '.png'}, 'primary': True}]",,,,,,,False,5748cb02498e1c0c6cfa6584,Hilton Cleveland Downtown,US,Cleveland,United States,,706,"['Hilton Cleveland Downtown', 'Cleveland, OH 44114', 'United States']","[{'label': 'display', 'lat': 41.50299558347314, 'lng': -81.69587648445662}]",41.50299558347314,-81.69587648445662,44114,OH,The Burnham Restaurant,v-1543089334,
4,"[{'id': '4bf58dd8d48988d147941735', 'name': 'Diner', 'pluralName': 'Diners', 'shortName': 'Diner', 'icon': {'prefix': 'https://ss3.4sqi.net/img/categories_v2/food/diner_', 'suffix': '.png'}, 'primary': True}]",,,,,,,False,50331b85e4b012c9cf787015,,US,Cleveland,United States,,1022,"['Cleveland, OH 44113', 'United States']","[{'label': 'display', 'lat': 41.48983457405474, 'lng': -81.68563538767366}]",41.48983457405474,-81.68563538767366,44113,OH,Ernie's Restaurant,v-1543089334,
5,"[{'id': '4bf58dd8d48988d1c5941735', 'name': 'Sandwich Place', 'pluralName': 'Sandwich Places', 'shortName': 'Sandwiches', 'icon': {'prefix': 'https://ss3.4sqi.net/img/categories_v2/food/deli_', 'suffix': '.png'}, 'primary': True}]",,,,,,,False,4ad4bff2f964a520aee920e3,3106 Saint Clair Ave NE,US,Cleveland,United States,at E 31st St,2555,"['3106 Saint Clair Ave NE (at E 31st St)', 'Cleveland, OH 44114', 'United States']","[{'label': 'display', 'lat': 41.51288441093231, 'lng': -81.67139184840927}]",41.51288441093231,-81.67139184840927,44114,OH,Slyman's Restaurant,v-1543089334,
6,"[{'id': '4bf58dd8d48988d14e941735', 'name': 'American Restaurant', 'pluralName': 'American Restaurants', 'shortName': 'American', 'icon': {'prefix': 'https://ss3.4sqi.net/img/categories_v2/food/default_', 'suffix': '.png'}, 'primary': True}]",,,,,,,False,5856a37a109dfe3142958f1e,1228 Euclid Ave,US,Cleveland,United States,E. 12th St.,899,"['1228 Euclid Ave (E. 12th St.)', 'Cleveland, OH 44115', 'United States']","[{'label': 'display', 'lat': 41.50061932095805, 'lng': -81.68384147291471}]",41.50061932095805,-81.68384147291471,44115,OH,Yours Truly Restaurant,v-1543089334,
7,"[{'id': '4bf58dd8d48988d14a941735', 'name': 'Vietnamese Restaurant', 'pluralName': 'Vietnamese Restaurants', 'shortName': 'Vietnamese', 'icon': {'prefix': 'https://ss3.4sqi.net/img/categories_v2/food/vietnamese_', 'suffix': '.png'}, 'primary': True}]",,,,,,,False,4d692ffc4c463704909c9eb3,5428 Detroit Ave,US,Cleveland,United States,,2922,"['5428 Detroit Ave', 'Cleveland, OH 44102', 'United States']","[{'label': 'display', 'lat': 41.48550026777962, 'lng': -81.72499254952095}]",41.48550026777962,-81.72499254952095,44102,OH,Minh Ahn Vietnamese Restaurant,v-1543089334,
8,"[{'id': '4bf58dd8d48988d14e941735', 'name': 'American Restaurant', 'pluralName': 'American Restaurants', 'shortName': 'American', 'icon': {'prefix': 'https://ss3.4sqi.net/img/categories_v2/food/default_', 'suffix': '.png'}, 'primary': True}]",,,,,,,False,504bc388e4b03e711f5c6b38,House of Blues,US,Cleveland,United States,,360,"['House of Blues', 'Cleveland, OH 44114', 'United States']","[{'label': 'display', 'lat': 41.49923668162894, 'lng': -81.6904091835022}]",41.49923668162894,-81.6904091835022,44114,OH,HoB Restaurant & Bar,v-1543089334,
9,"[{'id': '4bf58dd8d48988d155941735', 'name': 'Gastropub', 'pluralName': 'Gastropubs', 'shortName': 'Gastropub', 'icon': {'prefix': 'https://ss3.4sqi.net/img/categories_v2/food/gastropub_', 'suffix': '.png'}, 'primary': True}]",,,,,,,False,4ce6be2bf1c6236ada4c55f0,1947 W 25th St,US,Cleveland,United States,at Market Ave,1584,"['1947 W 25th St (at Market Ave)', 'Cleveland, OH 44113', 'United States']","[{'label': 'display', 'lat': 41.4849198244686, 'lng': -81.7036485671997}]",41.4849198244686,-81.7036485671997,44113,OH,Market Garden Brewery & Restaurant,v-1543089334,
10,"[{'id': '4bf58dd8d48988d14e941735', 'name': 'American Restaurant', 'pluralName': 'American Restaurants', 'shortName': 'American', 'icon': {'prefix': 'https://ss3.4sqi.net/img/categories_v2/food/default_', 'suffix': '.png'}, 'primary': True}]",,,,,,,False,4ad4bff2f964a520c2e920e3,420 Superior Ave E,US,Cleveland,United States,in Hyatt Regency Cleveland at The Arcade,462,"['420 Superior Ave E (in Hyatt Regency Cleveland at The Arcade)', 'Cleveland, OH 44114', 'United States']","[{'label': 'display', 'lat': 41.50063425179471, 'lng': -81.6909366958338}]",41.50063425179471,-81.6909366958338,44114,OH,1890 Restaurant & Lounge,v-1543089334,47791445
11,"[{'id': '4bf58dd8d48988d11e941735', 'name': 'Cocktail Bar', 'pluralName': 'Cocktail Bars', 'shortName': 'Cocktail', 'icon': {'prefix': 'https://ss3.4sqi.net/img/categories_v2/nightlife/cocktails_', 'suffix': '.png'}, 'primary': True}]",,,,,,,False,5722a486498ee138ba688ca5,1330 Old River Rd,US,Cleveland,United States,,747,"['1330 Old River Rd', 'Cleveland, OH 44113', 'United States']","[{'label': 'display', 'lat': 41.497838291216254, 'lng': -81.70231407841062}]",41.497838291216254,-81.70231407841062,44113,OH,East End Restaurant & Bar,v-1543089334,
12,"[{'id': '4bf58dd8d48988d14e941735', 'name': 'American Restaurant', 'pluralName': 'American Restaurants', 'shortName': 'American', 'icon': {'prefix': 'https://ss3.4sqi.net/img/categories_v2/food/default_', 'suffix': '.png'}, 'primary': True}]",,,,,,,False,5a8a1b677564f77ddfce9d78,1260 Euclid Ave,US,Cleveland,United States,,934,"['1260 Euclid Ave', 'Cleveland, OH 44115', 'United States']","[{'label': 'display', 'lat': 41.500531, 'lng': -81.683311}]",41.500531,-81.683311,44115,OH,Ghost Light Restaurant & Lounge,v-1543089334,
13,"[{'id': '4d4b7105d754a06374d81259', 'name': 'Food', 'pluralName': 'Food', 'shortName': 'Food', 'icon': {'prefix': 'https://ss3.4sqi.net/img/categories_v2/food/default_', 'suffix': '.png'}, 'primary': True}]",,,,,,,False,4f329cf319836c91c7e8d37e,75 Public Sq,US,Cleveland,United States,,369,"['75 Public Sq', 'Cleveland, OH 44113', 'United States']","[{'label': 'display', 'lat': 41.500064, 'lng': -81.694847}]",41.500064,-81.694847,44113,OH,Behan's Pub and Restaurant,v-1543089334,
14,"[{'id': '4d4b7105d754a06374d81259', 'name': 'Food', 'pluralName': 'Food', 'shortName': 'Food', 'icon': {'prefix': 'https://ss3.4sqi.net/img/categories_v2/food/default_', 'suffix': '.png'}, 'primary': True}]",,,,,,,False,4f3268c219836c91c7d4fcc7,401 Euclid Ave,US,Cleveland,United States,,407,"['401 Euclid Ave', 'Cleveland, OH 44114', 'United States']","[{'label': 'display', 'lat': 41.499762, 'lng': -81.690346}]",41.499762,-81.690346,44114,OH,Vivo Restaurant and Bar At The Arcade,v-1543089334,
15,"[{'id': '4d4b7105d754a06374d81259', 'name': 'Food', 'pluralName': 'Food', 'shortName': 'Food', 'icon': {'prefix': 'https://ss3.4sqi.net/img/categories_v2/food/default_', 'suffix': '.png'}, 'primary': True}]",,,,,,,False,4f324a2119836c91c7c90e0c,402 Euclid Ave,US,Cleveland,United States,,408,"['402 Euclid Ave', 'Cleveland, OH 44114', 'United States']","[{'label': 'display', 'lat': 41.499764, 'lng': -81.690339}]",41.499764,-81.690339,44114,OH,Buckeye Restaurant One,v-1543089334,
16,"[{'id': '4bf58dd8d48988d14f941735', 'name': 'Southern / Soul Food Restaurant', 'pluralName': 'Southern / Soul Food Restaurants', 'shortName': 'Southern / Soul', 'icon': {'prefix': 'https://ss3.4sqi.net/img/categories_v2/food/southern_', 'suffix': '.png'}, 'primary': True}]",,,,,,,False,4c05915dc36cef3b4f0c210e,75 Public Sq,US,Cleveland,United States,West 2nd St.,373,"['75 Public Sq (West 2nd St.)', 'Cleveland, OH 44113', 'United States']","[{'label': 'display', 'lat': 41.499986376118116, 'lng': -81.69526998245597}]",41.499986376118116,-81.69526998245597,44113,OH,Prime 75 Restaurant,v-1543089334,
17,"[{'id': '4bf58dd8d48988d14e941735', 'name': 'American Restaurant', 'pluralName': 'American Restaurants', 'shortName': 'American', 'icon': {'prefix': 'https://ss3.4sqi.net/img/categories_v2/food/default_', 'suffix': '.png'}, 'primary': True}]",,,,,,,False,4d692969fd7ea35d4ea7a14a,3009 Clark Ave,US,Cleveland,United States,west 25th street,3118,"['3009 Clark Ave (west 25th street)', 'Cleveland, OH 44109', 'United States']","[{'label': 'display', 'lat': 41.469684733083945, 'lng': -81.70216634242506}]",41.469684733083945,-81.70216634242506,44109,OH,Michael's Family Restaurant,v-1543089334,
18,"[{'id': '4bf58dd8d48988d110941735', 'name': 'Italian Restaurant', 'pluralName': 'Italian Restaurants', 'shortName': 'Italian', 'icon': {'prefix': 'https://ss3.4sqi.net/img/categories_v2/food/italian_', 'suffix': '.png'}, 'primary': True}]",,,,,,,False,4f32291619836c91c7bc1f1c,526 Superior Ave E,US,Cleveland,United States,,459,"['526 Superior Ave E', 'Cleveland, OH 44114', 'United States']","[{'label': 'display', 'lat': 41.500698, 'lng': -81.691191}]",41.500698,-81.691191,44114,OH,Sergio's Italian Restaurant,v-1543089334,
19,"[{'id': '4bf58dd8d48988d145941735', 'name': 'Chinese Restaurant', 'pluralName': 'Chinese Restaurants', 'shortName': 'Chinese', 'icon': {'prefix': 'https://ss3.4sqi.net/img/categories_v2/food/asian_', 'suffix': '.png'}, 'primary': True}]",268156,/delivery_provider_grubhub_20180129.png,https://fastly.4sqi.net/img/general/cap/,"[40, 50]",grubhub,https://www.grubhub.com/restaurant/great-taste-chinese-restaurant-1803-e-12th-st-cleveland/268156?affiliate=1131&utm_source=foursquare-affiliate-network&utm_medium=affiliate&utm_campaign=1131&utm_content=268156,False,4b914f52f964a520f1b133e3,1803 E 12th St,US,Cleveland,United States,,893,"['1803 E 12th St', 'Cleveland, OH 44114', 'United States']","[{'label': 'display', 'lat': 41.50202212678484, 'lng': -81.68515903882476}]",41.50202212678484,-81.68515903882476,44114,OH,Great Taste Chinese Restaurant,v-1543089334,
20,"[{'id': '4bf58dd8d48988d1c0941735', 'name': 'Mediterranean Restaurant', 'pluralName': 'Mediterranean Restaurants', 'shortName': 'Mediterranean', 'icon': {'prefix': 'https://ss3.4sqi.net/img/categories_v2/food/mediterranean_', 'suffix': '.png'}, 'primary': True}]",,,,,,,False,5acf6ca283e38048f1d26948,2901 Euclid Ave,US,Cleveland,United States,,2189,"['2901 Euclid Ave', 'Cleveland, OH 44115', 'United States']","[{'label': 'display', 'lat': 41.50266373931376, 'lng': -81.66830778121948}]",41.50266373931376,-81.66830778121948,44115,OH,Albaik Restaurant,v-1543089334,
21,"[{'id': '4bf58dd8d48988d111941735', 'name': 'Japanese Restaurant', 'pluralName': 'Japanese Restaurants', 'shortName': 'Japanese', 'icon': {'prefix': 'https://ss3.4sqi.net/img/categories_v2/food/japanese_', 'suffix': '.png'}, 'primary': True}]",,,,,,,False,4f207c3ee4b0dbf58c8810b7,1293 W 9th St,US,Cleveland,United States,,661,"['1293 W 9th St', 'Cleveland, OH 44113', 'United States']","[{'label': 'display', 'lat': 41.499269795187146, 'lng': -81.70071863985751}]",41.499269795187146,-81.70071863985751,44113,OH,Tomo Sushi & Hibachi Restaurant & Lounge,v-1543089334,
22,"[{'id': '4bf58dd8d48988d1c1941735', 'name': 'Mexican Restaurant', 'pluralName': 'Mexican Restaurants', 'shortName': 'Mexican', 'icon': {'prefix': 'https://ss3.4sqi.net/img/categories_v2/food/mexican_', 'suffix': '.png'}, 'primary': True}]",,,,,,,False,4b26c967f964a520eb8024e3,1313 W 117th St,US,Cleveland,United States,,6378,"['1313 W 117th St', 'Cleveland, OH 44107', 'United States']","[{'label': 'display', 'lat': 41.485854228967085, 'lng': -81.76848375708056}]",41.485854228967085,-81.76848375708056,44107,OH,El Jalape√±os Authentic Mexican Restaurant,v-1543089334,
23,"[{'id': '4bf58dd8d48988d147941735', 'name': 'Diner', 'pluralName': 'Diners', 'shortName': 'Diner', 'icon': {'prefix': 'https://ss3.4sqi.net/img/categories_v2/food/diner_', 'suffix': '.png'}, 'primary': True}]",,,,,,,False,4accf648f964a52048ca20e3,11616 Detroit Ave,US,Cleveland,United States,,6405,"['11616 Detroit Ave', 'Cleveland, OH 44102', 'United States']","[{'label': 'display', 'lat': 41.48342434486995, 'lng': -81.76810518447658}]",41.48342434486995,-81.76810518447658,44102,OH,My Friends Restaurant,v-1543089334,
24,"[{'id': '4d4b7105d754a06374d81259', 'name': 'Food', 'pluralName': 'Food', 'shortName': 'Food', 'icon': {'prefix': 'https://ss3.4sqi.net/img/categories_v2/food/default_', 'suffix': '.png'}, 'primary': True}]",,,,,,,False,4f32385b19836c91c7c1fbc6,815 Superior Ave E,US,Cleveland,United States,,605,"['815 Superior Ave E', 'Cleveland, OH 44114', 'United States']","[{'label': 'display', 'lat': 41.50159, 'lng': -81.689703}]",41.50159,-81.689703,44114,OH,Mannys Cozy Corner Restaurant,v-1543089334,
25,"[{'id': '4d4b7105d754a06374d81259', 'name': 'Food', 'pluralName': 'Food', 'shortName': 'Food', 'icon': {'prefix': 'https://ss3.4sqi.net/img/categories_v2/food/default_', 'suffix': '.png'}, 'primary': True}]",,,,,,,False,4f32572d19836c91c7ce2420,815 Superior Ave E,US,Cleveland,United States,,605,"['815 Superior Ave E', 'Cleveland, OH 44114', 'United States']","[{'label': 'display', 'lat': 41.50159, 'lng': -81.689703}]",41.50159,-81.689703,44114,OH,A Better Place Restaurant,v-1543089334,
26,"[{'id': '4bf58dd8d48988d111941735', 'name': 'Japanese Restaurant', 'pluralName': 'Japanese Restaurants', 'shortName': 'Japanese', 'icon': {'prefix': 'https://ss3.4sqi.net/img/categories_v2/food/japanese_', 'suffix': '.png'}, 'primary': True}]",,,,,,,False,55931c0c498e38571aa79221,1313 W 6th St,US,Cleveland,United States,,573,"['1313 W 6th St', 'Cleveland, OH 44113', 'United States']","[{'label': 'display', 'lat': 41.499833403558966, 'lng': -81.69910850082299}]",41.499833403558966,-81.69910850082299,44113,OH,Hanabi Japanese Restaurant,v-1543089334,
27,"[{'id': '4bf58dd8d48988d116941735', 'name': 'Bar', 'pluralName': 'Bars', 'shortName': 'Bar', 'icon': {'prefix': 'https://ss3.4sqi.net/img/categories_v2/nightlife/pub_', 'suffix': '.png'}, 'primary': True}]",,,,,,,False,4f32b8c419836c91c7f33e96,1213 W 6th St,US,Cleveland,United States,,657,"['1213 W 6th St', 'Cleveland, OH 44113', 'United States']","[{'label': 'display', 'lat': 41.500718, 'lng': -81.699472}]",41.500718,-81.699472,44113,OH,Sinergy Restaurant and Lounge,v-1543089334,
28,[],,,,,,,False,4e49773ba80997a2dbe690a0,,US,Cleveland,United States,,671,"['Cleveland, OH', 'United States']","[{'label': 'display', 'lat': 41.498046, 'lng': -81.685519}]",41.498046,-81.685519,,OH,Huron/E 9th Restaurant Lounge Area,v-1543089334,
29,"[{'id': '4bf58dd8d48988d14e941735', 'name': 'American Restaurant', 'pluralName': 'American Restaurants', 'shortName': 'American', 'icon': {'prefix': 'https://ss3.4sqi.net/img/categories_v2/food/default_', 'suffix': '.png'}, 'primary': True}]",,,,,,,False,4adb67e0f964a520152721e3,1425 Euclid Ave,US,Cleveland,United States,,1106,"['1425 Euclid Ave', 'Cleveland, OH 44115', 'United States']","[{'label': 'display', 'lat': 41.50088815373206, 'lng': -81.68126656669872}]",41.50088815373206,-81.68126656669872,44115,OH,Otto Moser's Restaurant,v-1543089334,
30,"[{'id': '4bf58dd8d48988d14e941735', 'name': 'American Restaurant', 'pluralName': 'American Restaurants', 'shortName': 'American', 'icon': {'prefix': 'https://ss3.4sqi.net/img/categories_v2/food/default_', 'suffix': '.png'}, 'primary': True}]",,,,,,,False,4d8a984f7d4c5481392d6d71,,US,,United States,,788,"['Ohio', 'United States']","[{'label': 'display', 'lat': 41.500629, 'lng': -81.685376}]",41.500629,-81.685376,,Ohio,Hannah Restaurant,v-1543089334,
31,"[{'id': '4bf58dd8d48988d14e941735', 'name': 'American Restaurant', 'pluralName': 'American Restaurants', 'shortName': 'American', 'icon': {'prefix': 'https://ss3.4sqi.net/img/categories_v2/food/default_', 'suffix': '.png'}, 'primary': True}]",,,,,,,False,4b606d59f964a5204de529e3,1260 Euclid Ave,US,Cleveland,United States,,940,"['1260 Euclid Ave', 'Cleveland, OH 44115', 'United States']","[{'label': 'display', 'lat': 41.500648723538546, 'lng': -81.68331291721037}]",41.500648723538546,-81.68331291721037,44115,OH,Encore Restaurant,v-1543089334,
32,"[{'id': '4bf58dd8d48988d109941735', 'name': 'Eastern European Restaurant', 'pluralName': 'Eastern European Restaurants', 'shortName': 'Eastern European', 'icon': {'prefix': 'https://ss3.4sqi.net/img/categories_v2/food/default_', 'suffix': '.png'}, 'primary': True}]",,,,,,,False,4b27a9f9f964a520458824e3,6501 Fleet Ave,US,Cleveland,United States,,6080,"['6501 Fleet Ave', 'Cleveland, OH 44105', 'United States']","[{'label': 'display', 'lat': 41.456236408080805, 'lng': -81.64477809017725}]",41.456236408080805,-81.64477809017725,44105,OH,Red Chimney Restaurant,v-1543089334,
33,"[{'id': '4bf58dd8d48988d11f941735', 'name': 'Nightclub', 'pluralName': 'Nightclubs', 'shortName': 'Nightclub', 'icon': {'prefix': 'https://ss3.4sqi.net/img/categories_v2/nightlife/nightclub_', 'suffix': '.png'}, 'primary': True}]",,,,,,,False,51b7cc8c498e85a03e70d08a,"1437 St Clair Ave NE, Cleveland, OH 44114",US,Cleveland,United States,E 13th St,1243,"['1437 St Clair Ave NE, Cleveland, OH 44114 (E 13th St)', 'Cleveland, OH 44114', 'United States']","[{'label': 'display', 'lat': 41.506524199797404, 'lng': -81.68579874027422}]",41.506524199797404,-81.68579874027422,44114,OH,Vada Restaurant and Lounge,v-1543089334,
34,"[{'id': '4bf58dd8d48988d147941735', 'name': 'Diner', 'pluralName': 'Diners', 'shortName': 'Diner', 'icon': {'prefix': 'https://ss3.4sqi.net/img/categories_v2/food/diner_', 'suffix': '.png'}, 'primary': True}]",,,,,,,False,4b753929f964a520b0012ee3,1391 Warren Rd,US,Lakewood,United States,at Detroit Rd,8925,"['1391 Warren Rd (at Detroit Rd)', 'Lakewood, OH 44107', 'United States']","[{'label': 'display', 'lat': 41.48539020238257, 'lng': -81.7993633621719}]",41.48539020238257,-81.7993633621719,44107,OH,The Place to Be Deli-Restaurant,v-1543089334,
35,"[{'id': '4bf58dd8d48988d147941735', 'name': 'Diner', 'pluralName': 'Diners', 'shortName': 'Diner', 'icon': {'prefix': 'https://ss3.4sqi.net/img/categories_v2/food/diner_', 'suffix': '.png'}, 'primary': True}]",,,,,,,False,4beebb05e24d20a13d417314,12009 Detroit Ave,US,Lakewood,United States,,6787,"['12009 Detroit Ave', 'Lakewood, OH 44107', 'United States']","[{'label': 'display', 'lat': 41.483910881410445, 'lng': -81.77295239364197}]",41.483910881410445,-81.77295239364197,44107,OH,Shore Restaurant,v-1543089334,
36,"[{'id': '4bf58dd8d48988d14e941735', 'name': 'American Restaurant', 'pluralName': 'American Restaurants', 'shortName': 'American', 'icon': {'prefix': 'https://ss3.4sqi.net/img/categories_v2/food/default_', 'suffix': '.png'}, 'primary': True}]",,,,,,,False,4bf03d20c8d920a14c9d9430,17015 Lorain Ave,US,Cleveland,United States,,11462,"['17015 Lorain Ave', 'Cleveland, OH 44111', 'United States']","[{'label': 'display', 'lat': 41.450205277114506, 'lng': -81.8159056614727}]",41.450205277114506,-81.8159056614727,44111,OH,West Park Station Restaurant & Bar,v-1543089334,
37,"[{'id': '4bf58dd8d48988d146941735', 'name': 'Deli / Bodega', 'pluralName': 'Delis / Bodegas', 'shortName': 'Deli / Bodega', 'icon': {'prefix': 'https://ss3.4sqi.net/img/categories_v2/food/deli_', 'suffix': '.png'}, 'primary': True}]",,,,,,,False,4b3cee00f964a520ce8925e3,14490 Cedar Rd,US,University Hts,United States,,14634,"['14490 Cedar Rd', 'University Hts, OH 44121', 'United States']","[{'label': 'display', 'lat': 41.50131691525992, 'lng': -81.5179951802727}]",41.50131691525992,-81.5179951802727,44121,OH,Jack's Deli & Restaurant,v-1543089334,
38,"[{'id': '4bf58dd8d48988d157941735', 'name': 'New American Restaurant', 'pluralName': 'New American Restaurants', 'shortName': 'New American', 'icon': {'prefix': 'https://ss3.4sqi.net/img/categories_v2/food/newamerican_', 'suffix': '.png'}, 'primary': True}]",,,,,,,False,565a6217498e577377fa5b56,14523 Madison Ave,US,Lakewood,United States,at Belle Ave,8902,"['14523 Madison Ave (at Belle Ave)', 'Lakewood, OH 44107', 'United States']","[{'label': 'display', 'lat': 41.477035764145946, 'lng': -81.7968325316906}]",41.477035764145946,-81.7968325316906,44107,OH,sarita a restaurant,v-1543089334,489948403
39,"[{'id': '4bf58dd8d48988d110941735', 'name': 'Italian Restaurant', 'pluralName': 'Italian Restaurants', 'shortName': 'Italian', 'icon': {'prefix': 'https://ss3.4sqi.net/img/categories_v2/food/italian_', 'suffix': '.png'}, 'primary': True}]",,,,,,,False,4b30e74df964a520b7fc24e3,7380 State Rd,US,Parma,United States,Pleasant Valley Rd.,14823,"['7380 State Rd (Pleasant Valley Rd.)', 'Parma, OH 44134', 'United States']","[{'label': 'display', 'lat': 41.36501280077796, 'lng': -81.71771015009128}]",41.36501280077796,-81.71771015009128,44134,OH,Stancato's Italian Restaurant,v-1543089334,
40,"[{'id': '4bf58dd8d48988d14e941735', 'name': 'American Restaurant', 'pluralName': 'American Restaurants', 'shortName': 'American', 'icon': {'prefix': 'https://ss3.4sqi.net/img/categories_v2/food/default_', 'suffix': '.png'}, 'primary': True}]",,,,,,,False,4b2d0494f964a5206acc24e3,20780 Center Ridge Rd,US,Rocky River,United States,,13638,"['20780 Center Ridge Rd', 'Rocky River, OH 44116', 'United States']","[{'label': 'display', 'lat': 41.46273759983695, 'lng': -81.85046800737311}]",41.46273759983695,-81.85046800737311,44116,OH,Rustic Restaurant,v-1543089334,
41,"[{'id': '4bf58dd8d48988d14e941735', 'name': 'American Restaurant', 'pluralName': 'American Restaurants', 'shortName': 'American', 'icon': {'prefix': 'https://ss3.4sqi.net/img/categories_v2/food/default_', 'suffix': '.png'}, 'primary': True}]",331201,/delivery_provider_grubhub_20180129.png,https://fastly.4sqi.net/img/general/cap/,"[40, 50]",grubhub,https://www.grubhub.com/restaurant/rubins-family-restaurant-14651-lorain-ave-cleveland/331201?affiliate=1131&utm_source=foursquare-affiliate-network&utm_medium=affiliate&utm_campaign=1131&utm_content=331201,False,4b23d88af964a520155b24e3,14651 Lorain Ave,US,Cleveland,United States,,10035,"['14651 Lorain Ave', 'Cleveland, OH 44111', 'United States']","[{'label': 'display', 'lat': 41.453303957419585, 'lng': -81.7987312026834}]",41.453303957419585,-81.7987312026834,44111,OH,Rubin's Restaurant & Deli,v-1543089334,
42,"[{'id': '4bf58dd8d48988d14e941735', 'name': 'American Restaurant', 'pluralName': 'American Restaurants', 'shortName': 'American', 'icon': {'prefix': 'https://ss3.4sqi.net/img/categories_v2/food/default_', 'suffix': '.png'}, 'primary': True}]",,,,,,,False,4e5e1cde483bbc5f69689250,Sheraton Cleveland Airport Hotel,US,Cleveland,United States,,15098,"['Sheraton Cleveland Airport Hotel', 'Cleveland, OH 44135', 'United States']","[{'label': 'display', 'lat': 41.411133168606405, 'lng': -81.83360001186131}]",41.411133168606405,-81.83360001186131,44135,OH,Hemispheres | Restaurant & Lounge,v-1543089334,
43,"[{'id': '4bf58dd8d48988d147941735', 'name': 'Diner', 'pluralName': 'Diners', 'shortName': 'Diner', 'icon': {'prefix': 'https://ss3.4sqi.net/img/categories_v2/food/diner_', 'suffix': '.png'}, 'primary': True}]",,,,,,,False,4accf50ff964a52044ca20e3,1332 W 117th St,US,Lakewood,United States,,6428,"['1332 W 117th St', 'Lakewood, OH 44107', 'United States']","[{'label': 'display', 'lat': 41.48559853086669, 'lng': -81.76902374011064}]",41.48559853086669,-81.76902374011064,44107,OH,Dianna's Deli & Restaurant,v-1543089334,
44,"[{'id': '4bf58dd8d48988d1c1941735', 'name': 'Mexican Restaurant', 'pluralName': 'Mexican Restaurants', 'shortName': 'Mexican', 'icon': {'prefix': 'https://ss3.4sqi.net/img/categories_v2/food/mexican_', 'suffix': '.png'}, 'primary': True}]",,,,,,,False,4b525ae7f964a520f47827e3,6278 Pearl Rd,US,Parma Heights,United States,,13152,"['6278 Pearl Rd', 'Parma Heights, OH 44130', 'United States']","[{'label': 'display', 'lat': 41.39090764666532, 'lng': -81.7630016802816}]",41.39090764666532,-81.7630016802816,44130,OH,Don Ramon Mexican Restaurant,v-1543089334,
45,"[{'id': '4bf58dd8d48988d10c941735', 'name': 'French Restaurant', 'pluralName': 'French Restaurants', 'shortName': 'French', 'icon': {'prefix': 'https://ss3.4sqi.net/img/categories_v2/food/french_', 'suffix': '.png'}, 'primary': True}]",,,,,,,False,51eadf9e498ebafebc12c544,13101 Shaker Shaker Square,US,Cleveland,United States,Shaker Blvd,8625,"['13101 Shaker Shaker Square (Shaker Blvd)', 'Cleveland, OH 44120', 'United States']","[{'label': 'display', 'lat': 41.48424350754052, 'lng': -81.59138012171411}]",41.48424350754052,-81.59138012171411,44120,OH,Edwins Leadership & Restaurant Institute,v-1543089334,
46,"[{'id': '4bf58dd8d48988d1c1941735', 'name': 'Mexican Restaurant', 'pluralName': 'Mexican Restaurants', 'shortName': 'Mexican', 'icon': {'prefix': 'https://ss3.4sqi.net/img/categories_v2/food/mexican_', 'suffix': '.png'}, 'primary': True}]",,,,,,,False,4dfe6b8e52b1267800ce41c3,6935 Pearl Rd,US,Cleveland,United States,,15735,"['6935 Pearl Rd', 'Cleveland, OH 44130', 'United States']","[{'label': 'display', 'lat': 41.376687805241765, 'lng': -81.79257452487946}]",41.376687805241765,-81.79257452487946,44130,OH,El Rodeo Mexican Restaurant,v-1543089334,
47,"[{'id': '4bf58dd8d48988d145941735', 'name': 'Chinese Restaurant', 'pluralName': 'Chinese Restaurants', 'shortName': 'Chinese', 'icon': {'prefix': 'https://ss3.4sqi.net/img/categories_v2/food/asian_', 'suffix': '.png'}, 'primary': True}]",,,,,,,False,4c76e121f2473704e95b64eb,14055 Lorain Ave,US,Cleveland,United States,W140th,9452,"['14055 Lorain Ave (W140th)', 'Cleveland, OH 44111', 'United States']","[{'label': 'display', 'lat': 41.45454639941121, 'lng': -81.7916479381444}]",41.45454639941121,-81.7916479381444,44111,OH,King Fong Chinese Food Restaurant,v-1543089334,
48,"[{'id': '4bf58dd8d48988d14e941735', 'name': 'American Restaurant', 'pluralName': 'American Restaurants', 'shortName': 'American', 'icon': {'prefix': 'https://ss3.4sqi.net/img/categories_v2/food/default_', 'suffix': '.png'}, 'primary': True}]",,,,,,,False,4b23aa51f964a520c55724e3,8803 Brecksville Rd,US,Brecksville,United States,,20222,"['8803 Brecksville Rd', 'Brecksville, OH 44141', 'United States']","[{'label': 'display', 'lat': 41.32240472757259, 'lng': -81.62615162556165}]",41.32240472757259,-81.62615162556165,44141,OH,Creekside Restaurant & Bar,v-1543089334,38660059
49,"[{'id': '4bf58dd8d48988d1c1941735', 'name': 'Mexican Restaurant', 'pluralName': 'Mexican Restaurants', 'shortName': 'Mexican', 'icon': {'prefix': 'https://ss3.4sqi.net/img/categories_v2/food/mexican_', 'suffix': '.png'}, 'primary': True}]",,,,,,,False,4ad4bff0f964a52017e920e3,3456 W 117th St,US,Cleveland,United States,at Governor Ave,7600,"['3456 W 117th St (at Governor Ave)', 'Cleveland, OH 44111', 'United States']","[{'label': 'display', 'lat': 41.45885932011123, 'lng': -81.76909460078552}]",41.45885932011123,-81.76909460078552,44111,OH,Luchita's Mexican Restaurant,v-1543089334,85848399
